begin	lang	cpehm_id	name	user
14:20:39  -  21/03/17	FR	1	tChapiteau	1
14:20:39  -  21/03/17	EN	1	tChapiteau	1
14:20:39  -  21/03/17	NL	1	tChapiteau	1
14:20:39  -  21/03/17	DE	1	tChapiteau	1
14:23:27  -  21/03/17	FR	2	HumiditeChapiteau	1
14:23:27  -  21/03/17	EN	2	HumiditeChapiteau	1
14:23:27  -  21/03/17	NL	2	HumiditeChapiteau	1
14:23:27  -  21/03/17	DE	2	HumiditeChapiteau	1
17:11:28  -  21/03/17	FR	3	LumenChap	1
17:11:28  -  21/03/17	EN	3	LumenChap	1
17:11:28  -  21/03/17	NL	3	LumenChap	1
17:11:28  -  21/03/17	DE	3	LumenChap	1
17:14:39  -  21/03/17	FR	4	CO2Chapiteau	1
17:14:39  -  21/03/17	EN	4	CO2Chapiteau	1
17:14:39  -  21/03/17	NL	4	CO2Chapiteau	1
17:14:39  -  21/03/17	DE	4	CO2Chapiteau	1
17:38:36  -  21/03/17	FR	4	CO2Chapiteau	1
17:38:36  -  21/03/17	EN	4	CO2Chapiteau	1
17:38:36  -  21/03/17	NL	4	CO2Chapiteau	1
17:38:36  -  21/03/17	DE	4	CO2Chapiteau	1
15:46:51  -  24/03/17	FR	1	tChapiteau	1
15:46:51  -  24/03/17	EN	1	tChapiteau	1
15:46:51  -  24/03/17	NL	1	tChapiteau	1
15:46:51  -  24/03/17	DE	1	tChapiteau	1
