begin	lang	p_id	name	user
09:54:46 - 23/02/17	FR	1	Chapiteau	1
09:54:46 - 23/02/17	EN	1	Marquee	1
09:54:46 - 23/02/17	NL	1	Feesttent	1
09:54:46 - 23/02/17	DE	1	Zelt	1
11:45:24  -  28/02/17	FR	1	Chapiteau	1
11:45:24  -  28/02/17	EN	1	Marquee	1
11:45:24  -  28/02/17	NL	1	Feesttent	1
11:45:24  -  28/02/17	DE	1	Zelt	1
11:46:24  -  28/02/17	FR	1	Chapiteau	1
11:46:24  -  28/02/17	EN	1	Marquee	1
11:46:24  -  28/02/17	NL	1	Feesttent	1
11:46:24  -  28/02/17	DE	1	Zelt	1
11:48:22  -  28/02/17	FR	1	Chapiteau	1
11:48:22  -  28/02/17	EN	1	Marquee	1
11:48:22  -  28/02/17	NL	1	Feesttent	1
11:48:22  -  28/02/17	DE	1	Zelt	1
11:49:13  -  28/02/17	FR	1	Chapiteau	1
11:49:13  -  28/02/17	EN	1	Marquee	1
11:49:13  -  28/02/17	NL	1	Feesttent	1
11:49:13  -  28/02/17	DE	1	Zelt	1
12:51:13  -  28/02/17	FR	1	Chapiteau	1
12:51:13  -  28/02/17	EN	1	Marquee	1
12:51:13  -  28/02/17	NL	1	Feesttent	1
12:51:13  -  28/02/17	DE	1	Zelt	1
12:55:49  -  28/02/17	FR	1	Chapiteau	1
12:55:49  -  28/02/17	EN	1	Marquee	1
12:55:49  -  28/02/17	NL	1	Feesttent	1
12:55:49  -  28/02/17	DE	1	Zelt	1
16:38:12  -  02/03/17	FR	1	Chapiteau	1
16:38:12  -  02/03/17	EN	1	Chapiteau	1
16:38:12  -  02/03/17	NL	1	Chapiteau	1
16:38:12  -  02/03/17	DE	1	Chapiteau	1
16:39:59  -  02/03/17	FR	1	Chapiteau	1
16:39:59  -  02/03/17	EN	1	Chapiteau	1
16:39:59  -  02/03/17	NL	1	Chapiteau	1
16:39:59  -  02/03/17	DE	1	Chapiteau	1
16:41:37  -  02/03/17	FR	1	Chapiteau	1
16:41:37  -  02/03/17	EN	1	Chapiteau	1
16:41:37  -  02/03/17	NL	1	Chapiteau	1
16:41:37  -  02/03/17	DE	1	Chapiteau	1
16:44:33  -  02/03/17	FR	1	Chapiteau	1
16:44:33  -  02/03/17	EN	1	Chapiteau	1
16:44:33  -  02/03/17	NL	1	Chapiteau	1
16:44:33  -  02/03/17	DE	1	Chapiteau	1
16:52:05  -  02/03/17	FR	1	Chapiteau	1
16:52:05  -  02/03/17	EN	1	Chapiteau	1
16:52:05  -  02/03/17	NL	1	Chapiteau	1
16:52:05  -  02/03/17	DE	1	Chapiteau	1
13:31:06  -  03/03/17	FR	1	Chapiteau	1
13:31:06  -  03/03/17	EN	1	Chapiteau	1
13:31:06  -  03/03/17	NL	1	Chapiteau	1
13:31:06  -  03/03/17	DE	1	Chapiteau	1
13:31:51  -  03/03/17	FR	1	Chapiteau	1
13:31:51  -  03/03/17	EN	1	Chapiteau	1
13:31:51  -  03/03/17	NL	1	Chapiteau	1
13:31:51  -  03/03/17	DE	1	Chapiteau	1
